PName,POS,Team,Age,GP,W,L,Min,PTS,FGM,FGA,FG%,3PM,3PA,3P%,FTM,FTA,FT%,OREB,DREB,REB,AST,TOV,STL,BLK,PF,FP,DD2,TD3,+/-
Jayson Tatum,SF,BOS,25,74,52,22,2732.2,2225,727,1559,46.6,240,686,35,531,622,85.4,78,571,649,342,213,78,51,160,3691,31,1,470
Joel Embiid,C,PHI,29,66,43,23,2284.1,2183,728,1328,54.8,66,200,33,661,771,85.7,113,557,670,274,226,66,112,205,3706,39,1,424
Luka Doncic,PG,DAL,24,66,33,33,2390.5,2138,719,1449,49.6,185,541,34.2,515,694,74.2,54,515,569,529,236,90,33,166,3747,36,10,128
Shai Gilgeous-Alexander,PG,OKC,24,68,33,35,2416,2135,704,1381,51,58,168,34.5,669,739,90.5,59,270,329,371,192,112,65,192,3425,3,0,149
Giannis Antetokounmpo,PF,MIL,28,63,47,16,2023.6,1959,707,1278,55.3,47,171,27.5,498,772,64.5,137,605,742,359,246,52,51,197,3451,46,6,341
Anthony Edwards,SG,MIN,21,79,40,39,2841.5,1946,707,1541,45.9,213,578,36.9,319,422,75.6,47,411,458,350,259,125,58,186,3311,9,0,97
Julius Randle,PF,NYK,28,77,44,33,2737.3,1936,658,1432,45.9,218,636,34.3,402,531,75.7,141,626,767,316,216,49,21,233,3324,40,0,170
Donovan Mitchell,SG,CLE,26,68,44,24,2432.4,1922,679,1402,48.4,245,635,38.6,319,368,86.7,63,226,289,301,180,99,27,168,2918,5,0,338
Trae Young,PG,ATL,24,73,38,35,2540.7,1914,597,1390,42.9,154,460,33.5,566,639,88.6,56,161,217,741,300,80,9,104,3253,40,0,100
Zach LaVine,SG,CHI,28,77,38,39,2767.9,1913,673,1388,48.5,204,544,37.5,363,428,84.8,42,303,345,327,194,69,18,159,2885,2,0,18
Damian Lillard,PG,POR,32,58,27,31,2106.6,1866,556,1202,46.3,244,658,37.1,510,558,91.4,44,233,277,425,191,50,18,109,2849,16,2,105
De'Aaron Fox,PG,SAC,25,73,44,29,2435.2,1826,682,1331,51.2,119,367,32.4,343,440,78,40,266,306,447,181,83,23,172,3001,11,0,176
DeMar DeRozan,SF,CHI,33,74,37,37,2681.6,1816,657,1303,50.4,46,142,32.4,456,523,87.2,34,309,343,377,153,83,36,186,2997,6,0,67
Jaylen Brown,SG,BOS,26,67,46,21,2404.9,1784,679,1383,49.1,163,487,33.5,263,344,76.5,78,381,459,232,197,75,26,172,2789,13,0,256
Pascal Siakam,PF,TOR,29,71,35,36,2652,1720,630,1313,48,93,287,32.4,367,474,77.4,131,425,556,415,169,65,36,228,3144,24,2,123
Lauri Markkanen,PF,UTA,25,66,32,34,2272.5,1691,571,1144,49.9,200,510,39.2,349,399,87.5,130,440,570,123,127,42,38,137,2673,28,0,163
Nikola Jokic,C,DEN,28,69,48,21,2323,1690,646,1022,63.2,57,149,38.3,341,415,82.2,167,650,817,678,247,87,47,174,3842,58,29,640
Jalen Green,SG,HOU,21,76,20,56,2602.2,1683,566,1359,41.6,187,554,33.8,364,463,78.6,43,241,284,281,200,59,18,131,2476,0,0,-447
Jordan Poole,SG,GSW,23,82,44,38,2458.1,1675,550,1278,43,214,637,33.6,361,415,87,32,193,225,369,252,63,21,214,2499,1,0,-11
Mikal Bridges,SF,BKN,26,83,42,41,2963.2,1671,593,1267,46.8,169,442,38.2,316,353,89.5,79,285,364,273,127,91,61,159,2846,2,0,36
Stephen Curry,PG,GSW,35,56,30,26,1941.2,1648,559,1133,49.3,273,639,42.7,257,281,91.5,39,302,341,352,179,52,20,117,2622,12,1,268
Jalen Brunson,PG,NYK,26,68,40,28,2378.7,1633,587,1195,49.1,134,322,41.6,325,392,82.9,40,201,241,421,142,61,15,152,2640,5,0,152
Kyrie Irving,PG,DAL,31,60,32,28,2240.6,1623,594,1203,49.4,188,496,37.9,247,273,90.5,59,245,304,331,128,66,45,165,2689,5,0,222
Ja Morant,PG,MEM,23,61,40,21,1948.3,1596,566,1214,46.6,92,300,30.7,372,497,74.8,61,296,357,493,206,66,16,100,2804,20,7,302
LeBron James,SF,LAL,38,55,30,25,1953.9,1590,609,1219,50,121,377,32.1,251,327,76.8,65,392,457,375,178,50,32,88,2769,18,2,214
CJ McCollum,SG,NOP,31,75,38,37,2649.2,1568,587,1344,43.7,211,543,38.9,183,238,76.9,55,273,328,429,183,70,38,153,2746,6,0,59
Bam Adebayo,C,MIA,25,75,40,35,2598,1529,602,1114,54,1,12,8.3,324,402,80.6,184,504,688,240,187,88,61,208,2975,31,0,117
Dejounte Murray,SG,ATL,26,74,38,36,2693.4,1515,612,1319,46.4,133,387,34.4,158,190,83.2,53,336,389,448,160,112,19,106,2887,8,1,-62
Domantas Sabonis,PF,SAC,26,79,47,32,2735.6,1510,577,938,61.5,31,83,37.3,325,438,74.2,251,722,973,573,230,65,39,279,3619,65,14,212
Klay Thompson,SG,GSW,33,69,38,31,2278.9,1509,546,1252,43.6,301,731,41.2,116,132,87.9,39,247,286,163,123,49,29,130,2208,2,0,163
Kristaps Porzingis,C,WAS,27,65,27,38,2119.5,1505,507,1018,49.8,137,356,38.5,354,416,85.1,114,432,546,174,137,58,100,196,2758,20,0,80
Darius Garland,PG,CLE,23,69,40,29,2447.2,1490,522,1129,46.2,169,412,41,277,321,86.3,28,157,185,538,199,85,9,148,2602,18,0,438
Franz Wagner,SF,ORL,21,80,33,47,2608.7,1485,542,1118,48.5,130,360,36.1,271,322,84.2,70,259,329,283,167,77,17,183,2419,2,0,50
Devin Booker,SG,PHX,26,53,34,19,1835.4,1471,527,1067,49.4,111,316,35.1,306,358,85.5,46,194,240,293,145,51,18,159,2261,5,0,247
Jimmy Butler,SF,MIA,33,64,35,29,2138,1466,479,888,53.9,36,103,35,472,555,85,141,234,375,340,101,117,21,80,2739,11,0,47
Anthony Davis,PF,LAL,30,56,31,25,1904.5,1451,542,962,56.3,19,74,25.7,348,444,78.4,195,507,702,148,122,59,114,146,2912,40,0,205
Nikola Vucevic,C,CHI,32,82,40,42,2746.4,1447,597,1148,52,121,347,34.9,132,158,83.5,159,744,903,265,139,60,57,179,3140,51,1,-20
Paolo Banchero,PF,ORL,20,72,31,41,2429.7,1437,479,1122,42.7,85,285,29.8,394,534,73.8,84,413,497,269,200,60,39,160,2534,14,0,-215
RJ Barrett,SG,NYK,22,73,40,33,2475.5,1431,510,1176,43.4,121,390,31,290,392,74,60,308,368,201,164,31,15,179,2148,3,0,-62
Keldon Johnson,SF,SAS,23,63,17,46,2063.3,1385,503,1113,45.2,134,407,32.9,245,327,74.9,56,262,318,183,134,46,11,125,2078,5,0,-491
Spencer Dinwiddie,PG,BKN,30,79,41,38,2725.3,1369,460,1050,43.8,181,490,36.9,268,330,81.2,28,242,270,515,145,67,24,187,2594,9,0,-8
Kevin Durant,PF,PHX,34,47,34,13,1671.8,1366,483,862,56,93,230,40.4,307,334,91.9,17,296,313,235,156,34,67,99,2241,5,1,258
Kyle Kuzma,SF,WAS,27,64,29,35,2238.9,1357,512,1142,44.8,160,481,33.3,173,237,73,55,408,463,239,190,36,29,145,2276,14,1,10
Tyler Herro,PG,MIA,23,67,37,30,2335.4,1347,487,1109,43.9,203,537,37.8,170,182,93.4,27,333,360,280,158,51,16,101,2242,6,1,170
Buddy Hield,SG,IND,30,80,35,45,2481.9,1344,475,1038,45.8,288,677,42.5,106,129,82.2,67,333,400,225,139,92,26,156,2377,3,0,-84
Fred VanVleet,SG,TOR,29,69,34,35,2535,1335,437,1112,39.3,207,606,34.2,254,283,89.8,30,250,280,495,140,123,38,193,2757,10,1,195
Paul George,F,LAC,33,56,32,24,1938.9,1332,459,1004,45.7,158,426,37.1,256,294,87.1,45,297,342,288,176,83,20,159,2307,8,1,157
Terry Rozier,SG,CHA,29,63,19,44,2220.9,1329,493,1188,41.5,165,505,32.7,178,220,80.9,51,208,259,319,134,74,16,119,2254,1,0,-288
Anfernee Simons,SG,POR,23,62,27,35,2170.7,1306,467,1045,44.7,212,562,37.7,160,179,89.4,18,143,161,253,128,42,14,142,1919,0,0,-75
Bennedict Mathurin,SG,IND,20,78,33,45,2222.4,1302,413,951,43.4,100,310,32.3,376,454,82.8,87,231,318,116,152,48,13,162,1889,0,0,-179
Jamal Murray,PG,DEN,26,65,43,22,2133.4,1298,473,1041,45.4,172,432,39.8,180,216,83.3,48,209,257,400,145,66,16,103,2307,5,1,300
Jerami Grant,SF,POR,29,63,28,35,2245.5,1290,434,913,47.5,144,359,40.1,278,342,81.3,53,230,283,150,116,51,53,152,2051,2,0,-35
Jrue Holiday,PG,MIL,32,67,50,17,2182.5,1290,490,1023,47.9,158,411,38.4,152,177,85.9,79,262,341,495,197,79,25,116,2557,16,0,481
Evan Mobley,PF,CLE,21,79,48,31,2715.3,1277,525,947,55.4,22,102,21.6,205,304,67.4,187,524,711,224,146,60,119,218,2857,24,0,339
Bojan Bogdanovic,SF,DET,34,59,15,44,1892.9,1273,430,882,48.8,145,353,41.1,268,303,88.4,36,187,223,152,135,34,8,113,1760,0,0,-330
Jordan Clarkson,PG,UTA,30,61,30,31,1988.3,1271,458,1031,44.4,155,459,33.8,200,245,81.6,72,174,246,270,186,33,13,120,1923,3,0,35
D'Angelo Russell,PG,LAL,27,71,39,32,2304.1,1263,445,948,46.9,194,490,39.6,179,216,82.9,35,180,215,437,186,70,29,140,2288,9,0,85
Josh Giddey,SG,OKC,20,76,34,42,2367.3,1260,539,1118,48.2,76,234,32.5,106,145,73.1,148,451,599,469,211,57,31,143,2735,28,4,-105
Desmond Bane,SG,MEM,24,58,38,20,1841.5,1247,450,939,47.9,166,407,40.8,181,205,88.3,43,248,291,254,126,56,22,150,2085,1,0,356
Brook Lopez,C,MIL,35,78,57,21,2372.5,1239,477,899,53.1,136,364,37.4,149,190,78.4,157,363,520,99,107,37,193,203,2595,11,0,398
Kawhi Leonard,SF,LAC,31,52,33,19,1747.5,1239,446,871,51.2,104,250,41.6,243,279,87.1,57,281,338,204,88,72,28,84,2163,4,0,220
Harrison Barnes,SF,SAC,30,82,48,34,2662,1230,374,791,47.3,132,353,37.4,350,413,84.7,87,279,366,128,86,57,10,103,1976,0,0,255
Tyrese Maxey,PG,PHI,22,60,39,21,2015.8,1218,439,913,48.1,160,369,43.4,180,213,84.5,23,153,176,212,80,49,8,132,1838,0,0,241
James Harden,SG,PHI,33,58,39,19,2135,1216,371,842,44.1,161,418,38.5,313,361,86.7,40,314,354,618,195,71,31,112,2679,36,5,277
Immanuel Quickley,SG,NYK,23,81,47,34,2344.1,1209,419,936,44.8,168,454,37,203,248,81.9,58,279,337,279,100,80,14,166,2214,4,0,318
Jaden Ivey,PG,DET,21,74,16,58,2304.3,1204,409,983,41.6,120,350,34.3,266,356,74.7,73,215,288,387,237,61,17,242,2127,8,0,-642
Deandre Ayton,C,PHX,24,67,36,31,2035.3,1203,522,887,58.9,7,24,29.2,152,200,76,172,495,667,115,120,37,53,190,2326,36,0,-7
Scottie Barnes,SF,TOR,21,77,38,39,2677.6,1179,463,1016,45.6,63,224,28.1,190,246,77.2,179,333,512,371,154,83,61,170,2628,15,1,175
Jaren Jackson Jr.,PF,MEM,23,63,41,22,1787.5,1173,416,822,50.6,100,282,35.5,241,306,78.8,108,318,426,60,107,65,189,227,2429,7,0,366
Bradley Beal,SG,WAS,29,50,24,26,1672.9,1160,444,878,50.6,80,219,36.5,192,228,84.2,41,155,196,271,145,45,33,107,1891,2,0,42
Tyrese Haliburton,PG,IND,23,56,28,28,1882.9,1160,412,841,49,161,402,40,175,201,87.1,33,172,205,585,141,91,25,69,2491,32,0,-35
Russell Westbrook,PG,LAC,34,73,36,37,2125.8,1159,432,991,43.6,89,286,31.1,206,314,65.6,89,334,423,551,255,76,33,162,2565,24,4,-21
Gary Trent Jr.,SG,TOR,24,66,31,35,2118,1148,405,935,43.3,166,450,36.9,172,205,83.9,30,143,173,106,55,104,14,102,1814,0,0,-52
Trey Murphy III,SG,NOP,22,79,39,40,2448,1148,387,800,48.4,202,497,40.6,172,190,90.5,59,222,281,112,61,89,43,155,1988,1,0,38
P.J. Washington,PF,CHA,24,73,24,49,2379.6,1144,434,978,44.4,149,428,34.8,127,174,73,73,285,358,175,110,66,79,193,2161,3,0,-375
Kevin Huerter,SG,SAC,24,75,44,31,2202.8,1140,420,866,48.5,205,510,40.2,95,131,72.5,42,209,251,221,97,80,24,181,1988,0,0,222
Kevin Porter Jr.,SG,HOU,22,59,18,41,2023.9,1130,391,884,44.2,141,385,36.6,207,264,78.4,76,238,314,338,188,82,17,156,2123,9,1,-343
O.G. Anunoby,SF,TOR,25,67,33,34,2385.7,1124,421,885,47.6,142,367,38.7,140,167,83.8,95,237,332,131,132,128,50,200,2121,2,0,132
Jonas Valanciunas,C,NOP,30,79,40,39,1968.2,1115,446,816,54.7,38,109,34.9,185,224,82.6,225,579,804,140,159,20,52,245,2347,43,0,-10
Christian Wood,F,DAL,27,67,33,34,1738.4,1114,396,769,51.5,105,279,37.6,217,281,77.2,87,404,491,121,121,30,72,169,2070,12,0,-46
Myles Turner,C,IND,27,62,29,33,1825.2,1113,402,733,54.8,93,249,37.3,216,276,78.3,88,378,466,89,103,36,140,215,2231,18,0,-47
Brandon Ingram,SF,NOP,25,45,23,22,1538.1,1112,404,835,48.4,64,164,39,240,272,88.2,23,223,246,262,148,32,19,116,1805,6,2,96
Aaron Gordon,PF,DEN,27,68,45,23,2055.1,1109,429,761,56.4,60,173,34.7,191,314,60.8,164,282,446,203,98,54,51,129,2166,11,0,518
Alperen Sengun,C,HOU,20,75,18,57,2170.7,1109,442,799,55.3,19,57,33.3,206,288,71.5,242,436,678,291,193,70,70,258,2586,29,2,-283
Tobias Harris,PF,PHI,30,74,47,27,2435.9,1085,423,845,50.1,126,324,38.9,113,129,87.6,67,357,424,186,89,68,40,149,2108,7,0,296
Michael Porter Jr.,SF,DEN,24,62,41,21,1797.9,1080,398,817,48.7,188,454,41.4,96,120,80,64,277,341,65,68,37,29,119,1717,3,0,418
Saddiq Bey,SF,ATL,24,77,24,53,2128.7,1062,353,836,42.2,151,418,36.1,205,238,86.1,98,264,362,118,71,70,13,123,1851,4,0,-147
Jalen Williams,F,OKC,22,75,36,39,2275.6,1056,414,794,52.1,73,205,35.6,155,191,81.2,84,253,337,248,123,103,35,191,2123,3,0,-53
Dillon Brooks,SF,MEM,27,73,46,27,2214.3,1047,392,991,39.6,143,439,32.6,120,154,77.9,45,199,244,189,104,65,16,240,1762,0,0,205
Malik Monk,SG,SAC,25,77,47,30,1719.2,1041,357,796,44.8,143,398,35.9,184,207,88.9,32,171,203,298,146,49,20,125,1793,0,0,68
Kenyon Martin Jr.,F,HOU,22,82,22,60,2292.2,1039,410,720,56.9,68,216,31.5,151,222,68,126,326,452,123,91,41,30,147,1888,5,0,-368
De'Andre Hunter,SF,ATL,25,67,35,32,2125.6,1029,379,822,46.1,100,286,35,171,207,82.6,46,238,284,94,82,35,17,199,1585,1,0,-18
Malik Beasley,SG,LAL,26,81,45,36,2093.1,1025,370,937,39.5,235,658,35.7,50,65,76.9,35,248,283,124,90,65,9,107,1683,1,0,-87
Norman Powell,G,LAC,29,60,31,29,1567.1,1019,340,710,47.9,114,287,39.7,225,277,81.2,24,151,175,109,101,50,18,125,1496,0,0,-124
Tim Hardaway Jr.,SF,DAL,31,71,37,34,2152.2,1019,340,847,40.1,212,550,38.5,127,165,77,21,230,251,129,60,49,12,120,1637,0,0,160
Derrick White,PG,BOS,28,82,57,25,2319.3,1017,350,758,46.2,149,391,38.1,168,192,87.5,52,241,293,321,95,54,76,177,2145,7,0,488
Luguentz Dort,G,OKC,24,74,36,38,2272.4,1013,339,873,38.8,135,409,33,200,259,77.2,128,216,344,154,92,75,23,243,1859,5,0,34
Jabari Smith Jr.,PF,HOU,19,79,21,58,2450.5,1010,364,892,40.8,120,391,30.7,162,206,78.6,122,447,569,101,104,43,74,227,2091,16,0,-555
Malcolm Brogdon,PG,BOS,30,67,46,21,1743.8,1000,354,732,48.4,132,297,44.4,160,184,87,42,238,280,248,98,45,18,109,1799,0,0,182
Bobby Portis,F,MIL,28,70,47,23,1818.4,987,398,803,49.6,95,257,37,96,125,76.8,154,518,672,105,81,29,16,115,2005,38,0,17
Keegan Murray,SF,SAC,22,80,47,33,2381.7,976,354,782,45.3,206,501,41.1,62,81,76.5,89,282,371,98,60,61,42,162,1817,4,0,99
Kelly Oubre Jr.,SG,CHA,27,48,16,32,1547.5,972,353,819,43.1,108,339,31.9,158,208,76,65,184,249,54,64,68,18,141,1546,3,0,-278
Jarrett Allen,C,CLE,25,68,44,24,2220.1,969,403,626,64.4,1,10,10,162,221,73.3,221,445,666,113,93,54,84,153,2259,32,0,345
Nic Claxton,C,BKN,24,76,41,35,2270.7,961,414,587,70.5,0,2,0,133,246,54.1,184,518,702,144,96,65,189,212,2685,28,0,119
Jaden McDaniels,PF,MIN,22,79,41,38,2416.5,953,370,716,51.7,107,269,39.8,106,144,73.6,92,215,307,148,112,74,76,272,1881,0,0,70
Rudy Gobert,C,MIN,30,70,34,36,2148.5,939,360,546,65.9,0,3,0,219,340,64.4,231,583,814,87,122,56,95,210,2377,35,0,-7
John Collins,PF,ATL,25,71,37,34,2129.6,931,359,707,50.8,70,240,29.2,143,178,80.3,77,385,462,85,79,42,73,220,1879,11,0,-21
Bruce Brown,SF,DEN,26,80,53,27,2279.5,923,358,741,48.3,91,254,35.8,116,153,75.8,63,265,328,268,123,87,51,190,2010,3,1,31
Max Strus,SG,MIA,27,80,42,38,2272,923,324,790,41,197,563,35,78,89,87.6,49,209,258,171,69,42,12,166,1582,2,0,-145
Caris LeVert,SG,CLE,28,74,45,29,2237.3,897,320,742,43.1,127,324,39.2,130,180,72.2,53,229,282,287,116,72,24,170,1838,1,0,194
Jakob Poeltl,C,TOR,27,72,26,46,1906.1,897,389,618,62.9,0,1,0,119,201,59.2,236,417,653,197,125,66,86,195,2307,19,0,-146
Tre Jones,PG,SAS,23,68,20,48,1983.7,875,341,743,45.9,45,158,28.5,148,172,86,56,189,245,448,110,89,9,98,2025,6,2,-325
Wendell Carter Jr.,C,ORL,24,57,26,31,1689.5,868,322,613,52.5,80,225,35.6,144,195,73.8,120,377,497,132,106,30,33,159,1745,21,0,-41
Mason Plumlee,C,LAC,33,79,28,51,2052.9,857,329,484,68,0,0,0,199,313,63.6,229,471,700,245,117,46,47,217,2227,23,0,-269
Eric Gordon,SG,LAC,34,69,25,44,1965.5,856,291,653,44.6,132,356,37.1,142,173,82.1,16,118,134,183,104,43,25,78,1391,0,0,-210
Kelly Olynyk,PF,UTA,32,68,28,40,1941.6,847,278,557,49.9,93,236,39.4,198,232,85.3,82,338,420,252,168,60,37,232,1852,9,0,14
LaMelo Ball,PG,CHA,21,36,13,23,1267.8,838,296,721,41.1,144,383,37.6,102,121,84.3,42,189,231,304,129,46,11,118,1613,17,3,-150
Markelle Fultz,PG,ORL,24,60,29,31,1777.9,837,349,679,51.4,27,87,31,112,143,78.3,69,165,234,341,139,87,26,131,1829,3,0,-130
Austin Reaves,SG,LAL,24,64,35,29,1843.2,833,259,490,52.9,86,216,39.8,229,265,86.4,33,160,193,215,99,33,19,108,1444,1,0,214
Patrick Williams,PF,CHI,21,82,40,42,2322.8,833,314,677,46.4,115,277,41.5,90,105,85.7,78,249,327,100,101,72,70,147,1700,1,0,-142
Dennis Schroder,PG,LAL,29,66,37,29,1985.9,830,270,650,41.5,74,225,32.9,216,252,85.7,21,144,165,298,112,50,10,145,1543,2,0,125
Kentavious Caldwell-Pope,SG,DEN,30,76,51,25,2381.2,822,292,632,46.2,135,319,42.3,103,125,82.4,35,173,208,183,86,112,35,145,1701,0,0,493
Tyus Jones,PG,MEM,26,80,51,29,1939.4,822,311,710,43.8,121,326,37.1,79,98,80.6,28,172,200,417,74,83,6,32,1881,9,1,95
Corey Kispert,SF,WAS,24,74,31,43,2093.3,820,291,585,49.7,163,384,42.4,75,88,85.2,33,174,207,87,55,32,9,97,1267,0,0,-124
Chris Paul,PG,PHX,37,59,33,26,1888.6,819,294,668,44,98,261,37.5,133,160,83.1,27,224,251,524,114,91,22,126,2131,17,0,84
Ivica Zubac,C,LAC,26,76,43,33,2169.4,818,326,514,63.4,0,2,0,166,238,69.7,236,520,756,77,117,29,98,219,2105,27,0,-33
Quentin Grimes,SG,NYK,22,71,41,30,2120.9,799,282,602,46.8,157,407,38.6,78,98,79.6,49,180,229,150,69,47,26,177,1449,0,0,186
Mike Conley,PG,MIN,35,67,34,33,2028.1,798,261,610,42.8,135,351,38.5,141,169,83.4,33,149,182,450,103,73,14,139,1849,6,0,60
Onyeka Okongwu,PF,ATL,22,80,41,39,1848.6,791,317,497,63.8,4,13,30.8,153,196,78.1,217,359,576,81,81,56,107,251,2012,12,0,63
Shaedon Sharpe,SG,POR,19,80,32,48,1778.6,789,306,648,47.2,102,283,36,75,105,71.4,63,173,236,94,83,38,24,136,1316,0,0,-297
Killian Hayes,PG,DET,21,76,16,60,2153.6,786,307,815,37.7,80,286,28,92,112,82.1,28,193,221,470,173,104,28,219,1979,6,0,-500
Cole Anthony,PG,ORL,22,60,28,32,1551.8,781,277,610,45.4,75,206,36.4,152,170,89.4,47,241,288,235,91,37,31,158,1592,1,0,-26
Naz Reid,C,MIN,23,68,32,36,1250.9,781,310,577,53.7,75,217,34.6,86,127,67.7,73,260,333,77,92,42,53,176,1489,4,0,-128
De'Anthony Melton,SG,PHI,24,77,50,27,2149.8,780,277,651,42.5,157,403,39,69,87,79.3,69,243,312,197,102,126,41,191,1849,0,0,102
Clint Capela,C,ATL,28,65,35,30,1730.1,779,350,536,65.3,0,1,0,79,131,60.3,258,459,717,58,54,45,79,139,2044,35,0,-30
Tari Eason,F,HOU,21,82,22,60,1767.2,760,296,660,44.8,59,172,34.3,109,145,75.2,195,301,496,88,101,96,47,189,1815,7,0,-157
Bogdan Bogdanovic,SG,ATL,30,54,27,27,1508.6,756,273,611,44.7,146,360,40.6,64,77,83.1,23,142,165,150,65,43,18,86,1297,0,0,64
Jalen McDaniels,PF,PHI,25,80,31,49,1912.9,755,281,617,45.5,77,232,33.2,116,138,84.1,63,283,346,130,93,83,34,209,1623,3,0,-149
Zion Williamson,PF,NOP,22,29,17,12,956.1,754,285,469,60.8,7,19,36.8,177,248,71.4,58,144,202,133,99,32,16,65,1241,5,0,149
Grayson Allen,SG,MIL,27,72,53,19,1972.1,750,245,557,44,146,366,39.9,114,126,90.5,61,176,237,163,72,62,14,117,1435,0,0,227
Josh Hart,SG,NYK,28,76,42,34,2454,743,275,520,52.9,61,164,37.2,132,176,75,142,451,593,290,117,88,21,195,2100,10,0,315
Aaron Nesmith,SF,IND,23,73,30,43,1816.4,738,252,590,42.7,115,314,36.6,119,142,83.8,62,215,277,98,75,55,34,235,1409,1,0,-211
Gordon Hayward,SF,CHA,33,50,20,30,1576.9,733,276,581,47.5,52,160,32.5,129,159,81.1,33,182,215,206,99,42,12,70,1363,2,0,-108
Zach Collins,PF,SAS,25,63,20,43,1440.6,731,284,548,51.8,55,147,37.4,108,142,76.1,116,286,402,180,129,37,49,199,1612,9,0,-239
Marcus Morris Sr.,SF,LAC,33,65,35,30,1825.1,728,274,643,42.6,112,307,36.5,68,87,78.2,29,229,258,114,56,42,21,136,1342,2,0,-16
Coby White,PG,CHI,23,74,37,37,1730.2,715,263,594,44.3,128,344,37.2,61,70,87.1,16,196,212,204,74,54,6,122,1381,1,0,143
Terance Mann,SG,LAC,26,81,44,37,1872.2,713,272,524,51.9,77,198,38.9,92,118,78,77,199,276,184,80,42,22,149,1432,1,0,2
Chris Boucher,PF,TOR,30,76,39,37,1523.5,712,261,529,49.3,62,189,32.8,128,168,76.2,157,264,421,29,41,47,64,143,1553,9,0,-18
Andrew Nembhard,PG,IND,23,75,32,43,2073.5,709,284,644,44.1,92,263,35,49,62,79,35,164,199,341,126,70,13,179,1582,5,0,-263
Rui Hachimura,PF,LAL,25,63,38,25,1466,707,284,584,48.6,51,160,31.9,88,119,73.9,53,230,283,58,53,19,26,72,1216,2,0,-28
Daniel Gafford,C,WAS,24,78,32,46,1604.2,705,289,395,73.2,0,0,0,127,187,67.9,163,270,433,84,85,33,99,187,1662,10,0,-89
Jaylen Nowell,SG,MIN,23,65,34,31,1251.7,704,280,625,44.8,67,232,28.9,77,99,77.8,36,134,170,132,65,42,5,101,1182,0,0,-8
Devin Vassell,SG,SAS,22,38,12,26,1178.1,703,261,595,43.9,103,266,38.7,78,100,78,8,140,148,136,57,43,17,57,1208,0,0,-295
Marcus Smart,PG,BOS,29,61,43,18,1956.8,703,250,602,41.5,115,342,33.6,88,118,74.6,46,145,191,382,143,93,23,172,1710,6,0,240
Naji Marshall,SF,NOP,25,77,40,37,1792,698,247,571,43.3,66,218,30.3,138,175,78.9,48,231,279,189,97,54,14,113,1423,0,0,6
Talen Horton-Tucker,SG,UTA,22,65,30,35,1313.2,698,257,613,41.9,58,203,28.6,126,168,75,41,169,210,246,126,41,29,108,1403,2,0,-8
Deni Avdija,SF,WAS,22,76,33,43,2020.4,697,253,579,43.7,69,232,29.7,122,165,73.9,74,413,487,211,123,65,29,209,1757,11,0,-51
Santi Aldama,PF,MEM,22,77,47,30,1681.7,696,247,525,47,94,266,35.3,108,144,75,85,286,371,97,60,45,48,143,1506,4,0,91
Jusuf Nurkic,C,POR,28,52,24,28,1391.4,694,262,505,51.9,43,119,36.1,127,192,66.1,114,357,471,149,119,43,44,185,1625,18,0,9
Reggie Jackson,PG,DEN,33,68,36,32,1656.9,693,263,640,41.1,96,288,33.3,71,78,91,25,119,144,233,115,47,6,114,1259,1,0,-79
Isaiah Joe,SG,OKC,23,73,36,37,1395.3,691,224,508,44.1,161,394,40.9,82,100,82,27,148,175,88,39,48,8,105,1162,0,0,213
Ayo Dosunmu,SG,CHI,23,80,40,40,2097.6,687,281,570,49.3,59,189,31.2,66,82,80.5,45,175,220,206,99,62,26,182,1425,0,0,-77
Collin Sexton,PG,UTA,24,48,24,24,1145.2,685,237,468,50.6,48,122,39.3,163,199,81.9,37,68,105,138,85,27,6,112,1032,1,0,-28
Caleb Martin,SF,MIA,27,71,38,33,2077.7,683,254,548,46.4,84,236,35.6,91,113,80.5,88,256,344,117,79,71,31,145,1498,2,0,-9
Walker Kessler,C,UTA,21,74,34,40,1703.2,679,298,414,72,1,3,33.3,82,159,51.6,231,389,620,69,58,26,173,169,2066,20,0,72
Donte DiVincenzo,SG,GSW,26,72,42,30,1894.4,678,235,540,43.5,150,378,39.7,58,71,81.7,80,245,325,252,112,97,10,133,1655,4,0,124
Malaki Branham,G,SAS,19,66,15,51,1549.6,673,269,611,44,77,255,30.2,58,70,82.9,28,153,181,127,76,33,7,115,1125,0,0,-364
Royce O'Neale,PF,BKN,29,76,42,34,2409.2,671,229,593,38.6,163,419,38.9,50,69,72.5,55,329,384,283,114,65,49,239,1784,4,1,78
Cedi Osman,SF,CLE,28,77,48,29,1548.3,669,239,530,45.1,116,312,37.2,75,108,69.4,25,151,176,115,52,35,11,122,1139,1,0,228
Jonathan Kuminga,PF,GSW,20,67,38,29,1394.4,666,261,497,52.5,54,146,37,90,138,65.2,70,161,231,125,95,41,31,157,1252,1,0,-53
Bones Hyland,PG,LAC,22,56,36,20,1085.5,659,228,571,39.9,117,315,37.1,86,102,84.3,20,115,135,172,82,39,15,96,1159,1,0,-129
Doug McDermott,SF,SAS,31,64,19,45,1314.2,654,239,523,45.7,123,298,41.3,53,70,75.7,23,115,138,91,58,13,6,118,955,0,0,-237
Josh Richardson,SG,NOP,29,65,24,41,1529.6,654,239,554,43.1,107,293,36.5,69,81,85.2,41,134,175,174,86,69,20,117,1306,1,0,-161
Lonnie Walker IV,G,LAL,24,56,27,29,1297,654,236,527,44.8,91,249,36.5,91,106,85.8,14,95,109,64,46,30,17,71,976,0,0,-207
Alec Burks,SG,DET,31,51,12,39,1122.4,652,200,459,43.6,99,239,41.4,153,188,81.4,19,139,158,114,58,38,8,98,1093,0,0,-7
Jevon Carter,PG,MIL,27,81,57,24,1811.8,651,239,565,42.3,142,337,42.1,31,38,81.6,35,167,202,197,78,66,29,158,1396,1,0,63
Cameron Johnson,SF,BKN,27,42,25,17,1199.8,650,223,474,47,103,255,40.4,101,120,84.2,34,151,185,78,37,50,14,83,1144,1,0,155
T.J. McConnell,PG,IND,31,75,31,44,1526.4,650,283,521,54.3,26,59,44.1,58,68,85.3,45,189,234,397,143,81,10,105,1656,6,1,-62
Herbert Jones,SF,NOP,24,66,31,35,1950.5,649,235,501,46.9,56,167,33.5,123,161,76.4,97,172,269,162,88,103,42,208,1562,0,0,150
Keita Bates-Diop,SF,SAS,27,67,18,49,1452.6,647,236,465,50.8,56,142,39.4,119,150,79.3,65,182,247,103,56,46,20,63,1240,0,0,-266
Kyle Anderson,SF,MIN,29,69,36,33,1956.6,647,252,495,50.9,43,105,41,100,136,73.5,66,302,368,335,103,78,63,146,1911,10,3,91
Jalen Smith,PF,IND,23,68,31,37,1278.8,642,242,508,47.6,54,191,28.3,104,137,75.9,129,265,394,66,72,21,60,153,1385,7,0,-95
Gabe Vincent,PG,MIA,26,68,37,31,1758.7,641,228,567,40.2,117,350,33.4,68,78,87.2,27,118,145,167,92,62,5,154,1175,0,0,-28
Grant Williams,PF,BOS,24,79,55,24,2044.8,641,216,476,45.4,115,291,39.5,94,122,77,87,276,363,131,82,41,31,192,1407,3,0,206
AJ Griffin,F,ATL,19,72,34,38,1401.4,639,248,533,46.5,101,259,39,42,47,89.4,37,116,153,73,42,42,12,87,1052,0,0,63
Georges Niang,SF,PHI,29,78,51,27,1511.8,637,222,502,44.2,154,384,40.1,39,45,86.7,19,166,185,77,54,31,14,145,1056,0,0,75
Shake Milton,SG,PHI,26,76,52,24,1567.4,637,241,503,47.9,56,148,37.8,99,116,85.3,39,152,191,240,94,25,13,123,1246,3,0,144
Monte Morris,PG,WAS,27,62,28,34,1696.1,636,247,515,48,78,204,38.2,64,77,83.1,26,184,210,326,60,43,13,75,1485,2,0,6
Bol Bol,C,ORL,23,70,26,44,1505.4,634,261,478,54.6,30,113,26.5,82,108,75.9,69,336,405,69,112,30,85,92,1457,6,0,-146
Andrew Wiggins,SF,GSW,28,37,19,18,1190.3,633,250,529,47.3,89,225,39.6,44,72,61.1,61,125,186,85,48,45,28,107,1155,3,0,118
Jarred Vanderbilt,PF,LAL,24,78,43,35,1879.7,619,247,451,54.8,29,90,32.2,96,139,69.1,170,412,582,184,97,83,21,190,1808,10,0,-101
Draymond Green,PF,GSW,33,73,41,32,2297.6,617,250,474,52.7,40,131,30.5,77,108,71.3,66,459,525,500,204,74,61,229,2198,11,0,346
Al Horford,C,BOS,36,63,44,19,1921.4,616,228,479,47.6,145,325,44.6,15,21,71.4,73,317,390,189,37,30,61,121,1604,7,0,309
Kyle Lowry,PG,MIA,37,55,30,25,1717.7,615,196,485,40.4,107,310,34.5,116,135,85.9,43,182,225,281,103,57,21,143,1438,2,1,55
Jeremy Sochan,F,SAS,19,56,15,41,1457.7,614,250,552,45.3,33,134,24.6,81,116,69.8,95,200,295,142,97,43,23,138,1282,2,0,-235
Jalen Duren,C,DET,19,67,16,51,1670.1,612,258,398,64.8,0,2,0,96,157,61.1,229,366,595,75,92,44,59,182,1656,19,0,-279
Cam Thomas,SG,BKN,21,57,30,27,947.6,604,201,456,44.1,51,133,38.3,151,174,86.8,8,87,95,78,63,20,7,55,853,0,0,-4
Damion Lee,SG,PHX,30,74,40,34,1506.3,604,200,452,44.2,110,247,44.5,94,104,90.4,39,186,225,99,78,30,7,118,1056,0,0,79
Karl-Anthony Towns,C,MIN,27,29,15,14,957,602,212,428,49.5,60,164,36.6,118,135,87.4,48,188,236,140,86,20,17,111,1120,9,0,39
Moritz Wagner,C,ORL,26,57,27,30,1109.5,600,198,396,50,51,163,31.3,153,182,84.1,69,190,259,84,68,37,13,136,1119,3,0,-27
Torrey Craig,SF,PHX,32,79,44,35,1947.8,588,228,500,45.6,100,253,39.5,32,45,71.1,145,281,426,117,73,50,62,179,1538,4,0,-177
Thomas Bryant,C,DEN,25,59,33,26,1081.5,579,230,369,62.3,26,59,44.1,93,126,73.8,86,253,339,31,38,16,30,102,1132,9,0,-93
Kevon Looney,F,GSW,27,82,44,38,1957.6,578,242,384,63,0,1,0,94,155,60.6,274,486,760,207,45,52,50,224,2062,14,0,157
Isaiah Stewart,C,DET,21,50,12,38,1414.1,567,195,441,44.2,67,205,32.7,110,149,73.8,115,288,403,70,68,20,34,133,1250,13,0,-226
Joe Harris,SF,BKN,31,74,40,34,1527.2,562,201,440,45.7,142,333,42.6,18,28,64.3,23,141,164,101,41,34,13,140,1010,0,0,-24
Trey Lyles,PF,SAC,27,74,43,31,1247.2,562,187,408,45.8,87,240,36.3,101,124,81.5,68,232,300,66,64,27,31,97,1131,1,0,105
Reggie Bullock,SF,DAL,32,78,37,41,2364.5,561,192,470,40.9,151,397,38,26,37,70.3,32,251,283,108,36,54,13,166,1228,1,0,-87
Seth Curry,SG,BKN,32,61,37,24,1210.7,561,208,449,46.3,94,232,40.5,51,55,92.7,13,87,100,99,51,36,7,96,908,0,0,-69
Brandon Clarke,PF,MEM,26,56,32,24,1090.1,559,229,349,65.6,1,6,16.7,100,139,71.9,92,218,310,72,55,34,37,131,1197,6,0,-14
Dorian Finney-Smith,PF,BKN,29,66,31,35,2008.8,551,196,501,39.1,114,338,33.7,45,59,76.3,114,202,316,100,62,55,36,144,1291,2,0,-8
Jose Alvarado,PG,NOP,25,61,30,31,1310,550,201,489,41.1,83,247,33.6,65,80,81.3,28,113,141,186,81,67,10,125,1148,0,0,103
Josh Green,SG,DAL,22,60,27,33,1539.2,546,205,382,53.7,68,169,40.2,68,94,72.3,55,127,182,103,72,42,5,156,988,1,0,77
Luke Kennard,SG,MEM,26,59,37,22,1315.1,546,188,382,49.2,133,269,49.4,37,39,94.9,15,143,158,91,46,32,5,82,937,0,0,211
Jordan Nwora,SF,IND,24,62,36,26,1188.1,542,194,445,43.6,86,211,40.8,68,86,79.1,51,178,229,88,66,24,14,74,997,1,0,-252
Troy Brown Jr.,SF,LAL,23,76,40,36,1859.8,541,200,465,43,107,281,38.1,34,39,87.2,62,246,308,95,49,59,16,120,1229,2,0,-15
Devonte' Graham,PG,SAS,28,73,31,42,1338.4,539,161,431,37.4,119,338,35.2,98,131,74.8,19,103,122,196,53,45,16,79,1109,0,0,-159
Nick Richards,C,CHA,25,65,21,44,1217.7,532,197,313,62.9,1,1,100,137,183,74.9,147,269,416,38,59,11,71,154,1275,14,0,-113
Josh Okogie,SF,PHX,24,72,38,34,1350.6,529,162,414,39.1,66,197,33.5,139,192,72.4,109,142,251,105,63,56,34,114,1195,2,0,106
Jalen Suggs,SG,ORL,21,53,20,33,1245.9,524,186,444,41.9,66,202,32.7,86,119,72.3,55,106,161,155,94,67,27,120,1138,0,0,-40
Hamidou Diallo,SG,DET,24,56,12,44,995.9,522,215,375,57.3,5,21,23.8,87,148,58.8,57,137,194,55,71,53,16,124,973,0,0,-16
Terrence Ross,G,PHX,32,63,27,36,1330.5,522,200,465,43,95,258,36.8,27,34,79.4,22,132,154,95,43,35,10,97,941,0,0,-76
Drew Eubanks,PF,POR,26,78,31,47,1583.7,518,214,334,64.1,7,18,38.9,83,125,66.4,132,286,418,103,67,40,102,169,1533,3,0,-131
Tre Mann,PG,OKC,22,67,31,36,1183.4,517,197,501,39.3,81,257,31.5,42,55,76.4,27,128,155,120,62,40,11,99,974,1,1,57
Sam Hauser,SF,BOS,25,80,55,25,1289.9,512,180,396,45.5,140,335,41.8,12,17,70.6,35,169,204,71,30,29,21,99,983,0,0,219
Kevin Love,PF,MIA,34,62,35,27,1239.5,509,165,424,38.9,99,296,33.4,80,91,87.9,59,340,399,116,70,16,12,97,1176,6,0,109
Precious Achiuwa,PF,TOR,23,55,30,25,1140.5,508,196,404,48.5,29,108,26.9,87,124,70.2,100,228,328,50,59,31,30,102,1101,10,0,-37
Dwight Powell,C,DAL,31,76,37,39,1457.9,506,197,269,73.2,0,5,0,112,168,66.7,149,165,314,69,65,48,26,209,1143,1,0,166
Marvin Bagley III,PF,DET,24,42,7,35,990.5,504,202,382,52.9,19,66,28.8,81,108,75,94,175,269,36,46,19,30,81,982,8,0,-229
Khris Middleton,SF,MIL,31,33,25,8,800.8,497,177,406,43.6,51,162,31.5,92,102,90.2,28,112,140,163,71,23,5,68,923,4,0,132
Obi Toppin,PF,NYK,25,67,37,30,1050.5,497,187,419,44.6,85,247,34.4,38,47,80.9,29,158,187,66,38,23,12,68,887,0,0,57
Kendrick Nunn,G,WAS,27,70,30,40,963.4,496,191,450,42.4,79,223,35.4,35,41,85.4,15,94,109,90,66,28,7,66,801,0,0,-54
Cameron Payne,PG,PHX,28,48,27,21,968.3,493,188,453,41.5,68,185,36.8,49,64,76.6,12,94,106,214,81,33,8,88,983,3,0,77
Taurean Prince,PF,MIN,29,54,31,23,1192.5,493,177,379,46.7,74,194,38.1,65,77,84.4,15,117,132,84,69,28,15,123,837,0,0,0
Isaac Okoro,SF,CLE,22,76,48,28,1652.6,490,175,354,49.4,62,171,36.3,78,103,75.7,52,135,187,87,42,56,30,158,1061,0,0,126
Aaron Wiggins,SG,OKC,24,70,37,33,1297.4,479,186,363,51.2,48,122,39.3,59,71,83.1,68,143,211,80,56,39,15,110,958,1,0,9
Nicolas Batum,PF,LAC,34,78,44,34,1709.6,478,160,381,42,124,317,39.1,34,48,70.8,62,237,299,121,50,54,44,149,1262,0,0,165
Dennis Smith Jr.,PG,CHA,25,54,19,35,1389.8,474,186,452,41.2,24,111,21.6,78,106,73.6,27,140,167,261,82,75,25,122,1284,1,0,-70
Ochai Agbaji,G,UTA,23,59,29,30,1209.2,467,165,386,42.7,81,228,35.5,56,69,81.2,43,78,121,67,41,16,15,99,765,0,0,-19
David Roddy,F,MEM,22,70,44,26,1258.5,466,180,420,42.9,65,212,30.7,41,65,63.1,50,143,193,59,57,29,19,107,873,0,0,-61
Pat Connaughton,SG,MIL,30,61,43,18,1442.7,466,165,421,39.2,109,322,33.9,27,41,65.9,50,233,283,77,33,37,11,69,1032,2,0,134
Trendon Watford,PF,POR,22,62,26,36,1181.6,459,181,323,56,25,64,39.1,72,100,72,42,196,238,130,71,32,12,118,1001,3,0,-181
Jock Landale,C,PHX,27,69,35,34,978.5,456,178,337,52.8,21,84,25,79,105,75.2,119,161,280,68,59,16,30,126,973,3,0,141
Isaiah Jackson,SF,IND,21,63,24,39,1042.3,455,179,318,56.3,2,14,14.3,95,146,65.1,113,169,282,51,51,31,93,154,1191,5,0,-124
Davion Mitchell,PG,SAC,24,80,47,33,1447,450,181,399,45.4,63,197,32,25,31,80.6,16,89,105,185,62,44,15,112,969,0,0,1
James Wiseman,C,DET,22,45,11,34,867.2,450,189,339,55.8,4,20,20,68,97,70.1,73,194,267,30,51,7,27,108,866,8,0,-327
Victor Oladipo,SG,MIA,30,42,23,19,1105.6,449,160,403,39.7,70,212,33,59,79,74.7,16,112,128,146,87,57,12,99,942,0,0,-35
Larry Nance Jr.,PF,NOP,30,65,34,31,1380.8,441,186,305,61,14,42,33.3,55,79,69.6,106,248,354,119,42,56,37,133,1281,3,0,185
Jeff Green,PF,DEN,36,56,33,23,1091.1,437,160,328,48.8,30,104,28.8,87,117,74.4,38,106,144,69,46,18,17,99,772,0,0,-193
Mitchell Robinson,C,NYK,25,59,35,24,1588.8,435,188,280,67.1,0,0,0,59,122,48.4,267,288,555,53,41,56,109,160,1635,13,0,185
Terence Davis,SG,SAC,25,64,38,26,841,431,154,364,42.3,89,243,36.6,34,43,79.1,20,119,139,67,53,43,12,104,810,0,0,47
Xavier Tillman,F,MEM,24,61,40,21,1180.1,429,188,306,61.4,4,15,26.7,49,89,55.1,121,186,307,96,44,58,29,97,1158,4,0,-1
Cory Joseph,PG,DET,31,62,12,50,1227.4,427,150,351,42.7,70,180,38.9,57,72,79.2,21,85,106,217,56,34,9,88,953,0,0,-110
Kenrich Williams,SF,OKC,28,53,26,27,1206,425,179,346,51.7,50,134,37.3,17,39,43.6,97,164,261,105,32,45,14,112,1041,2,0,75
Jaden Hardy,G,DAL,20,48,20,28,708.4,420,146,333,43.8,63,156,40.4,65,79,82.3,11,78,89,65,46,17,7,64,650,0,0,-32
Anthony Lamb,F,GSW,25,62,36,26,1195,415,148,314,47.1,73,199,36.7,46,60,76.7,56,159,215,96,54,28,20,134,907,0,0,32
Kevin Knox II,SF,POR,23,63,12,51,951.7,415,152,332,45.8,65,186,34.9,46,60,76.7,34,143,177,33,50,24,12,95,735,2,0,-226
Patrick Beverley,PG,CHI,34,67,34,33,1816.5,415,144,360,40,80,239,33.5,47,65,72.3,44,203,247,194,60,63,41,187,1254,2,0,-80
Jordan Goodwin,G,WAS,24,62,22,40,1105.4,407,158,353,44.8,38,118,32.2,53,69,76.8,57,148,205,168,57,58,26,95,1100,0,0,-117
Isaiah Hartenstein,C,NYK,24,82,47,35,1628.2,406,175,327,53.5,8,37,21.6,48,71,67.6,209,327,536,102,66,53,64,213,1487,2,0,151
Andre Drummond,C,CHI,29,67,32,35,849.1,399,166,274,60.6,0,3,0,67,125,53.6,138,306,444,33,75,45,27,117,1122,8,0,25
Oshae Brissett,SF,IND,24,65,27,38,1083.2,398,123,319,38.6,48,155,31,104,145,71.7,62,156,218,44,34,33,13,79,830,1,0,22
Gary Harris,SG,ORL,28,48,22,26,1184.4,397,138,307,45,94,218,43.1,27,30,90,21,77,98,59,28,45,12,93,746,0,0,-84
Jalen Johnson,SF,ATL,21,70,35,35,1041.6,395,158,322,49.1,30,104,28.8,49,78,62.8,51,231,282,83,41,38,34,113,1033,1,0,-10
Cam Reddish,SF,POR,23,40,14,26,989.6,387,139,312,44.6,45,144,31.3,64,75,85.3,18,70,88,57,47,39,14,72,690,0,0,-193
Mark Williams,C,CHA,21,43,18,25,828,387,160,251,63.7,0,0,0,67,97,69.1,93,211,304,18,40,28,45,94,958,11,0,-79
John Wall,PG,LAC,32,34,15,19,754.7,386,138,339,40.7,33,109,30.3,77,113,68.1,14,78,92,178,80,27,12,59,800,1,0,-106
Mike Muscala,C,BOS,31,63,32,31,945.1,383,131,292,44.9,81,207,39.1,40,52,76.9,37,166,203,50,23,15,24,98,796,0,0,204
Will Barton,G,TOR,32,56,27,29,993,379,138,364,37.9,66,180,36.7,37,47,78.7,15,122,137,112,48,28,13,56,786,0,0,-168
Edmond Sumner,PG,BKN,27,53,33,20,736.2,378,124,269,46.1,31,87,35.6,99,108,91.7,13,66,79,68,50,31,10,83,648,0,0,25
Alex Caruso,SG,CHI,29,67,33,34,1575.4,374,130,286,45.5,55,151,36.4,59,73,80.8,42,154,196,193,77,98,46,159,1254,1,0,199
Josh Christopher,SG,HOU,21,64,16,48,786.2,372,153,329,46.5,21,89,23.6,45,60,75,20,51,71,73,60,33,15,59,651,0,0,-225
Wenyen Gabriel,F,LAL,26,68,37,31,1023.8,372,155,260,59.6,10,36,27.8,52,84,61.9,116,170,286,36,46,26,35,144,906,0,0,-32
Delon Wright,SG,WAS,31,50,26,24,1221.2,369,138,291,47.4,41,119,34.5,52,60,86.7,58,122,180,194,44,92,17,59,1159,0,0,69
JaMychal Green,F,GSW,32,57,30,27,796.7,366,136,252,54,42,111,37.8,52,67,77.6,72,133,205,51,52,25,23,105,781,0,0,-156
Goran Dragic,PG,MIL,36,58,27,31,870,365,141,335,42.1,52,145,35.9,31,45,68.9,16,65,81,151,63,13,4,65,677,0,0,5
John Konchar,SG,MEM,27,72,45,27,1493.8,364,138,320,43.1,60,177,33.9,28,36,77.8,64,246,310,100,37,77,25,112,1155,2,0,209
Nickeil Alexander-Walker,SG,MIN,24,59,29,30,883.9,363,131,295,44.4,61,159,38.4,40,60,66.7,15,86,101,108,55,32,21,88,750,0,0,-51
Chris Duarte,SG,IND,25,46,19,27,897.2,362,123,333,36.9,55,174,31.6,61,72,84.7,19,96,115,64,41,25,9,65,657,0,0,-114
Dario Saric,PF,OKC,29,57,26,31,806,362,127,277,45.8,45,115,39.1,63,76,82.9,53,154,207,74,55,20,7,99,747,2,0,37
Steven Adams,C,MEM,29,42,28,14,1133.3,361,157,263,59.7,0,1,0,47,129,36.4,214,271,485,97,79,36,46,98,1256,15,0,243
Christian Braun,G,DEN,22,76,49,27,1181.1,360,143,289,49.5,34,96,35.4,40,64,62.5,48,133,181,59,35,41,17,101,805,0,0,-114
Nassir Little,SF,POR,23,54,22,32,976.1,359,134,303,44.2,58,158,36.7,33,46,71.7,27,114,141,50,36,20,20,66,687,0,0,-190
Isaiah Livers,PF,DET,24,52,10,42,1198.7,346,120,288,41.7,74,203,36.5,32,39,82.1,28,115,143,41,30,28,28,103,717,1,0,-202
Landry Shamet,SG,PHX,26,40,19,21,806.9,346,113,300,37.7,75,199,37.7,45,51,88.2,11,56,67,93,36,26,5,61,623,0,0,38
Lamar Stevens,F,CLE,25,62,39,23,1120.5,328,129,288,44.8,30,95,31.6,40,57,70.2,48,159,207,33,27,27,19,79,737,1,0,6
Simone Fontecchio,F,UTA,27,52,25,27,765.8,328,115,312,36.9,63,191,33,35,44,79.5,31,55,86,42,39,15,8,62,524,0,0,-205
Mo Bamba,C,LAL,24,49,25,24,768.4,323,117,241,48.5,48,124,38.7,41,62,66.1,58,167,225,46,30,13,43,105,800,2,0,8
Yuta Watanabe,SF,BKN,28,58,30,28,927.8,322,114,232,49.1,60,135,44.4,34,47,72.3,30,111,141,48,22,25,17,80,667,0,0,-7
Chimezie Metu,PF,SAC,26,66,41,25,689,321,129,219,58.9,9,38,23.7,54,73,74,47,151,198,40,32,22,21,81,716,0,0,88
Montrezl Harrell,C,PHI,29,57,35,22,681.1,320,125,209,59.8,0,6,0,70,101,69.3,67,92,159,33,35,17,25,75,651,1,0,19
Derrick Jones Jr.,SF,CHI,26,64,29,35,893.4,319,115,230,50,27,80,33.8,62,84,73.8,60,93,153,34,25,29,37,86,727,0,0,122
Joe Ingles,SG,MIL,35,46,32,14,1043.5,317,108,248,43.5,83,203,40.9,18,21,85.7,13,115,128,150,55,33,6,74,758,1,0,80
T.J. Warren,SF,PHX,29,42,26,16,686.7,314,132,270,48.9,22,67,32.8,28,35,80,26,95,121,40,20,22,12,65,601,0,0,55
Ty Jerome,SG,GSW,25,45,22,23,815.6,309,118,242,48.8,35,90,38.9,38,41,92.7,7,71,78,135,30,23,5,64,659,0,0,-92
Moses Moody,SG,GSW,20,63,37,26,817.1,302,108,227,47.6,49,135,36.3,37,53,69.8,28,77,105,51,34,18,7,54,546,0,0,-7
R.J. Hampton,PG,DET,22,47,9,38,749.6,302,102,237,43,41,116,35.3,57,76,75,18,69,87,54,42,27,9,51,553,0,0,-140
Romeo Langford,SG,SAS,23,43,14,29,844.3,297,121,259,46.7,16,61,26.2,39,56,69.6,57,57,114,50,30,24,13,67,590,0,0,-180
Vlatko Cancar,SF,DEN,26,60,38,22,889,297,108,227,47.6,43,115,37.4,38,41,92.7,24,104,128,80,37,22,14,84,642,1,0,-66
Theo Maledon,PG,CHA,21,44,14,30,853.7,295,102,254,40.2,28,95,29.5,63,74,85.1,14,109,123,152,59,37,12,61,759,1,0,-147
Matisse Thybulle,SG,POR,26,71,38,33,1200.4,293,110,253,43.5,54,148,36.5,19,28,67.9,40,100,140,53,24,83,32,113,862,0,0,-14
Rudy Gay,SF,UTA,36,56,29,27,815.6,293,109,288,37.8,33,131,25.2,42,49,85.7,33,130,163,57,37,19,18,68,648,0,0,57
Jeremiah Robinson-Earl,PF,OKC,22,43,16,27,813.7,292,110,248,44.4,37,111,33.3,35,42,83.3,71,109,180,43,19,24,11,71,659,1,0,-10
Ben Simmons,PG,BKN,26,42,24,18,1105,291,133,235,56.6,0,2,0,25,57,43.9,40,223,263,256,97,54,24,139,1128,4,1,40
Kris Dunn,G,UTA,29,22,8,14,567.5,290,116,216,53.7,17,36,47.2,41,53,77.4,9,91,100,124,35,25,10,58,666,3,0,-62
Jaylin Williams,F,OKC,20,49,23,26,914.2,288,102,234,43.6,46,113,40.7,38,54,70.4,44,197,241,76,37,28,12,111,774,0,0,-90
Robert Covington,PF,LAC,32,48,20,28,778.6,288,102,229,44.5,54,136,39.7,30,40,75,31,135,166,57,32,38,33,86,754,0,0,-7
Paul Reed,SF,PHI,23,69,44,25,755.2,287,124,209,59.3,1,6,16.7,38,51,74.5,112,150,262,27,45,45,51,123,885,5,0,-17
Jae'Sean Tate,SF,HOU,27,31,7,24,677.5,283,110,229,48,13,46,28.3,50,69,72.5,41,77,118,84,47,21,7,106,588,0,0,-94
Robert Williams III,C,BOS,25,35,24,11,823.5,279,127,170,74.7,0,1,0,25,41,61,104,188,292,50,34,22,48,68,880,6,0,173
Eugene Omoruyi,F,DET,26,40,10,30,645.3,278,101,228,44.3,25,89,28.1,51,75,68,43,68,111,28,34,28,3,91,512,0,0,-41
Zeke Nnaji,PF,DEN,22,53,34,19,727.8,277,110,196,56.1,17,65,26.2,40,62,64.5,65,73,138,18,31,17,23,105,559,1,0,-97
Aleksej Pokusevski,F,OKC,21,34,16,18,701.3,276,108,249,43.4,38,104,36.5,22,35,62.9,45,114,159,64,43,20,43,58,709,3,0,-196
Payton Pritchard,PG,BOS,25,48,32,16,642.8,270,101,245,41.2,56,154,36.4,12,16,75,25,63,88,64,40,14,1,37,477,1,1,12
Danuel House Jr.,SF,PHI,29,56,38,18,807,268,93,197,47.2,37,110,33.6,45,60,75,9,85,94,44,26,14,9,69,490,0,0,-16
Duncan Robinson,F,MIA,29,42,19,23,690.5,268,88,237,37.1,63,192,32.8,29,32,90.6,8,61,69,46,28,14,0,77,434,0,0,-56
MarJon Beauchamp,F,MIL,22,52,34,18,701.4,266,96,243,39.5,47,142,33.1,27,37,73,38,77,115,35,45,21,7,70,496,0,0,-99
P.J. Tucker,PF,PHI,37,75,48,27,1920.1,266,96,225,42.7,55,140,39.3,19,23,82.6,95,200,295,60,44,39,15,180,828,0,0,135
Bismack Biyombo,C,PHX,30,61,33,28,874.1,263,119,206,57.8,0,0,0,25,70,35.7,89,171,260,56,51,18,88,114,926,3,0,48
Sandro Mamukelashvili,PF,SAS,23,43,23,20,659.7,263,97,230,42.2,30,99,30.3,39,57,68.4,70,115,185,62,35,14,12,52,621,2,0,-114
JT Thor,F,CHA,20,69,22,47,968.8,262,95,238,39.9,39,123,31.7,33,47,70.2,36,116,152,36,44,22,23,66,589,0,0,-163
Willy Hernangomez,C,NOP,28,38,23,15,457.7,262,89,169,52.7,3,11,27.3,81,104,77.9,58,122,180,33,39,17,13,64,579,2,0,19
Luke Kornet,C,BOS,27,69,45,24,804.1,261,113,170,66.5,3,13,23.1,32,39,82.1,86,111,197,53,25,11,46,81,723,0,0,61
Garrison Mathews,SG,ATL,26,54,16,38,686.3,257,73,201,36.3,63,180,35,48,53,90.6,11,62,73,26,19,24,5,62,452,0,0,-87
Austin Rivers,SG,MIN,30,52,25,27,1016.3,255,91,209,43.5,43,123,35,30,39,76.9,5,78,83,75,23,28,4,80,540,0,0,-142
Ish Wainright,F,PHX,28,60,33,27,915.1,251,84,227,37,57,173,32.9,26,31,83.9,45,94,139,53,22,38,22,117,655,0,0,92
Aaron Holiday,G,ATL,26,63,32,31,845.3,247,92,220,41.8,36,88,40.9,27,32,84.4,25,49,74,89,36,37,12,79,580,0,0,17
Bryce McGowens,G,CHA,20,46,16,30,787,246,80,202,39.6,26,80,32.5,60,80,75,20,73,93,54,43,15,6,48,459,0,0,-150
Malachi Flynn,PG,TOR,24,53,29,24,690.8,246,87,242,36,47,133,35.3,25,33,75.8,15,61,76,70,25,21,4,65,492,0,0,-40
Patty Mills,PG,BKN,34,40,18,22,566.6,246,86,209,41.1,49,134,36.6,25,30,83.3,8,36,44,56,30,15,3,32,407,0,0,-66
Duane Washington Jr.,PG,NYK,23,31,17,14,393.8,244,94,256,36.7,40,111,36,16,24,66.7,2,34,36,63,34,6,4,23,378,0,0,-6
Thaddeus Young,PF,TOR,34,54,23,31,795.5,240,108,198,54.5,6,34,17.6,18,26,69.2,71,95,166,75,42,54,5,88,687,0,0,-92
Cade Cunningham,PG,DET,21,12,3,9,400.2,239,93,224,41.5,17,61,27.9,36,43,83.7,12,62,74,72,39,10,7,34,448,3,0,-60
Haywood Highsmith,F,MIA,26,54,28,26,969.4,236,93,216,43.1,37,109,33.9,13,28,46.4,57,131,188,43,45,36,17,82,640,2,0,-103
Jaxson Hayes,C,NOP,22,47,22,25,610.1,233,86,156,55.1,3,29,10.3,58,83,69.9,39,93,132,34,31,20,19,67,528,0,0,-70
George Hill,PG,IND,36,46,27,19,833.3,232,78,166,47,34,95,35.8,42,55,76.4,15,70,85,110,34,26,6,55,561,0,0,41
Day'Ron Sharpe,C,BKN,21,48,22,26,552.5,227,93,171,54.4,6,11,54.5,35,55,63.6,99,101,200,37,42,15,32,89,622,2,0,-101
Dyson Daniels,G,NOP,20,59,33,26,1042.1,227,87,208,41.8,27,86,31.4,26,40,65,36,152,188,134,57,43,11,99,759,0,0,-7
Daishen Nix,SG,HOU,21,57,15,42,914.4,226,81,237,34.2,40,140,28.6,24,36,66.7,18,80,98,132,86,31,7,59,570,0,0,-151
Usman Garuba,PF,HOU,21,75,21,54,970.2,225,86,177,48.6,24,59,40.7,29,47,61.7,120,187,307,64,47,44,29,135,861,0,0,-253
Darius Bazley,PF,PHX,22,43,19,24,616.2,224,83,183,45.4,20,53,37.7,38,70,54.3,34,104,138,38,27,22,34,44,588,0,0,-70
Miles McBride,PG,NYK,22,64,36,28,760.2,222,77,215,35.8,40,134,29.9,28,42,66.7,13,37,50,72,25,37,8,60,500,0,0,53
Svi Mykhailiuk,SG,CHA,25,32,16,16,467.9,222,77,173,44.5,42,99,42.4,26,39,66.7,15,38,53,53,24,15,4,23,398,0,0,20
Maxi Kleber,PF,DAL,31,37,18,19,929.8,220,77,169,45.6,39,112,34.8,27,38,71.1,30,105,135,52,27,12,30,85,559,0,0,-43
Jabari Walker,F,POR,20,56,21,35,619.2,216,83,198,41.9,16,56,28.6,34,45,75.6,48,83,131,34,29,10,13,69,464,0,0,-115
Lindy Waters III,F,OKC,25,41,20,21,530.8,214,70,178,39.3,58,162,35.8,16,20,80,16,59,75,28,10,14,11,42,411,0,0,136
Ziaire Williams,F,MEM,21,37,21,16,560.8,210,84,196,42.9,25,97,25.8,17,22,77.3,16,63,79,35,37,14,6,58,380,0,0,-76
Davis Bertans,SF,DAL,30,45,20,25,491.8,206,69,160,43.1,55,141,39,13,15,86.7,10,43,53,21,10,11,8,53,348,0,0,-37
Dean Wade,PF,CLE,26,44,30,14,891.6,206,73,177,41.2,45,127,35.4,15,23,65.2,20,130,150,37,17,28,21,89,572,0,0,108
Justin Holiday,SF,DAL,34,46,18,28,706.1,205,77,204,37.7,46,143,32.2,5,8,62.5,5,50,55,41,22,19,19,68,425,0,0,-129
Charles Bassey,C,SAS,22,35,9,26,507.9,199,87,135,64.4,3,8,37.5,22,37,59.5,75,118,193,48,41,16,33,74,609,0,0,-32
DeAndre Jordan,C,DEN,34,39,23,16,585.9,199,88,115,76.5,1,1,100,22,48,45.8,52,150,202,34,48,12,23,71,549,2,0,-119
Dewayne Dedmon,C,PHI,33,38,23,15,426.2,199,77,151,51,12,39,30.8,33,49,67.3,34,100,134,26,25,9,19,75,458,0,0,-124
Justise Winslow,PF,POR,27,29,15,14,775.8,196,81,198,40.9,14,45,31.1,20,28,71.4,49,96,145,98,43,30,11,89,597,1,0,-38
Anthony Gill,PF,WAS,30,59,21,38,624.6,195,71,132,53.8,4,29,13.8,49,67,73.1,37,62,99,34,15,7,12,70,407,0,0,-12
Caleb Houstan,G,ORL,20,51,20,31,812.2,193,66,182,36.3,46,136,33.8,15,18,83.3,34,65,99,30,18,12,7,63,396,0,0,-84
Ousmane Dieng,F,OKC,19,39,20,19,568.7,193,76,181,42,26,98,26.5,15,23,65.2,19,86,105,46,26,14,7,42,425,0,0,39
James Bouknight,SG,CHA,22,34,9,25,515.5,191,69,193,35.8,33,109,30.3,20,30,66.7,8,64,72,41,32,14,5,49,364,0,0,-97
Keon Johnson,SG,POR,21,40,13,27,416.4,189,67,178,37.6,28,81,34.6,27,41,65.9,11,33,44,59,43,19,6,43,362,0,0,-153
JaVale McGee,C,DAL,35,42,20,22,354.5,186,80,125,64,2,5,40,24,41,58.5,30,77,107,11,36,4,26,54,385,0,0,-57
Blake Wesley,G,SAS,20,37,9,28,669.1,184,69,215,32.1,20,52,38.5,26,44,59.1,12,70,82,98,65,25,5,67,454,0,0,-198
Rodney McGruder,G,DET,31,32,4,28,523.9,183,62,152,40.8,41,97,42.3,18,22,81.8,20,54,74,28,11,16,1,39,354,0,0,-44
Christian Koloko,C,TOR,22,58,29,29,801.8,182,72,150,48,1,12,8.3,37,59,62.7,84,87,171,31,20,21,57,128,648,0,0,156
Luka Garza,C,MIN,24,28,15,13,243.4,181,63,116,54.3,14,39,35.9,41,52,78.8,33,30,63,18,14,3,2,43,285,0,0,18
Wesley Matthews,SG,MIL,36,52,37,15,820.4,179,58,160,36.3,39,124,31.5,24,28,85.7,34,79,113,34,18,20,13,71,447,0,0,53
Jericho Sims,C,NYK,24,52,31,21,812.4,178,83,107,77.6,0,1,0,12,16,75,99,143,242,25,27,15,28,96,608,2,0,-113
Stanley Johnson,SF,SAS,26,30,5,25,469.5,174,65,122,53.3,18,40,45,26,39,66.7,22,73,95,67,33,16,6,48,422,0,0,-92
Amir Coffey,SG,LAC,25,50,26,24,625.3,172,56,145,38.6,11,40,27.5,49,63,77.8,17,36,53,53,21,7,5,50,330,0,0,-114
Isaiah Roby,F,NYK,25,42,9,33,473.6,172,67,155,43.2,18,60,30,20,41,48.8,21,87,108,38,31,18,7,53,403,0,0,-110
Ricky Rubio,PG,CLE,32,33,23,10,566,171,61,178,34.3,21,82,25.6,28,35,80,9,61,70,115,31,26,6,51,493,0,0,45
Blake Griffin,PF,BOS,34,41,27,14,568.9,170,63,130,48.5,23,66,34.8,21,32,65.6,47,108,155,61,22,14,9,75,495,0,0,105
Taj Gibson,F,WAS,37,49,21,28,480.4,168,65,125,52,8,24,33.3,30,42,71.4,32,61,93,34,26,15,12,84,386,0,0,-4
Goga Bitadze,C,ORL,23,38,13,25,456.8,167,69,125,55.2,6,26,23.1,23,42,54.8,61,76,137,39,22,16,26,64,494,2,0,26
Evan Fournier,SG,NYK,30,27,15,12,458.7,165,56,166,33.7,35,114,30.7,18,21,85.7,4,45,49,36,22,16,3,46,313,0,0,-54
Javonte Green,SF,CHI,29,32,13,19,480.3,165,61,108,56.5,13,35,37.1,30,45,66.7,27,61,88,23,20,24,21,52,420,0,0,48
Julian Champagnie,F,SAS,21,17,7,10,320.1,165,59,130,45.4,33,82,40.2,14,17,82.4,10,50,60,10,11,6,5,26,274,1,0,-74
Johnny Davis,G,WAS,21,28,10,18,422.6,163,66,171,38.6,17,70,24.3,14,27,51.9,10,55,65,28,17,10,8,48,320,0,0,-54
Jordan McLaughlin,PG,MIN,27,43,22,21,678.5,161,61,145,42.1,24,78,30.8,15,18,83.3,15,47,62,148,33,32,4,28,532,0,0,84
Kai Jones,PF,CHA,22,46,13,33,549.6,157,67,120,55.8,4,19,21.1,19,26,73.1,37,86,123,15,31,17,30,65,437,1,0,-32
Raul Neto,PG,CLE,30,48,31,17,505.2,157,57,110,51.8,12,42,28.6,31,34,91.2,10,36,46,79,24,17,4,49,370,0,0,11
Admiral Schofield,SF,ORL,26,37,14,23,451.3,155,55,122,45.1,24,74,32.4,21,23,91.3,23,39,62,31,16,8,5,61,299,0,0,-79
Juan Toscano-Anderson,SF,UTA,30,52,19,33,700.1,155,64,143,44.8,8,43,18.6,19,24,79.2,28,96,124,65,34,16,10,80,445,0,0,-147
Moses Brown,C,BKN,23,36,17,19,294.1,155,61,96,63.5,0,0,0,33,72,45.8,57,82,139,4,15,4,14,39,367,3,0,27
AJ Green,G,MIL,23,35,27,8,344.9,154,53,125,42.4,44,105,41.9,4,4,100,6,39,45,22,9,6,0,31,250,0,0,-26
Bruno Fernando,PF,ATL,24,39,13,26,405.1,153,59,112,52.7,0,4,0,35,50,70,54,83,137,31,25,6,34,74,459,1,0,-75
Derrick Rose,PG,NYK,34,27,12,15,337.9,152,61,159,38.4,19,63,30.2,11,12,91.7,8,32,40,46,22,7,5,18,283,0,0,-29
Saben Lee,G,PHX,23,25,15,10,373.5,151,49,121,40.5,11,30,36.7,42,57,73.7,13,32,45,67,24,19,1,32,342,1,0,-30
TyTy Washington Jr.,G,HOU,21,31,6,25,432.7,145,58,160,36.3,19,80,23.8,10,18,55.6,2,43,45,47,14,15,2,29,307,0,0,-47
Brandon Boston Jr.,SG,LAC,21,22,9,13,248.3,143,51,122,41.8,12,29,41.4,29,38,76.3,7,23,30,20,12,9,0,21,224,0,0,-44
Dalano Banton,PG,TOR,23,31,17,14,278.5,142,55,130,42.3,15,51,29.4,17,24,70.8,11,34,45,36,18,13,13,34,310,0,0,-34
Damian Jones,C,UTA,27,41,12,29,477.4,142,55,86,64,10,17,58.8,22,29,75.9,42,80,122,15,23,8,21,55,375,1,0,-83
Kevon Harris,G,ORL,25,34,12,22,457,141,47,107,43.9,16,43,37.2,31,41,75.6,28,42,70,16,21,17,5,53,294,0,0,0
Furkan Korkmaz,SG,PHI,25,37,24,13,353.5,140,48,111,43.2,18,46,39.1,26,36,72.2,6,36,42,22,24,10,3,18,238,0,0,2
Nathan Knight,F,MIN,25,38,19,19,290.7,139,46,81,56.8,8,22,36.4,39,57,68.4,22,34,56,13,21,10,6,41,253,0,0,-9
Frank Ntilikina,PG,DAL,24,47,20,27,607.6,135,48,132,36.4,17,67,25.4,22,33,66.7,7,55,62,58,29,16,7,65,336,0,0,35
Markieff Morris,PF,DAL,33,35,17,18,355.1,132,47,115,40.9,28,71,39.4,10,10,100,13,58,71,31,18,9,5,48,288,1,0,10
Richaun Holmes,F,SAC,29,42,22,20,347.6,130,55,89,61.8,5,8,62.5,15,19,78.9,29,51,80,9,14,3,11,50,268,1,0,-69
Chuma Okeke,PF,ORL,24,27,8,19,518,128,43,122,35.2,26,86,30.2,16,21,76.2,26,70,96,37,17,19,11,40,372,0,0,-118
Max Christie,G,LAL,20,41,19,22,512.4,128,44,106,41.5,26,62,41.9,14,16,87.5,7,68,75,21,13,9,7,33,285,0,0,-77
Udoka Azubuike,C,UTA,23,36,17,19,358.5,125,59,72,81.9,0,0,0,7,20,35,31,88,119,11,18,6,15,34,329,0,0,-83
Jae Crowder,PF,MIL,32,18,13,5,339.7,124,45,94,47.9,24,55,43.6,10,12,83.3,17,52,69,27,7,12,6,27,294,0,0,0
Juancho Hernangomez,PF,TOR,27,42,20,22,613.5,122,48,114,42.1,17,67,25.4,9,16,56.3,27,96,123,25,15,16,6,43,358,1,0,13
Matt Ryan,F,MIN,26,34,15,19,310.2,122,40,108,37,32,84,38.1,10,12,83.3,4,22,26,16,7,5,1,27,188,0,0,21
Patrick Baldwin Jr.,F,GSW,20,31,15,16,225.8,122,43,109,39.4,32,84,38.1,4,6,66.7,1,39,40,11,11,6,4,14,206,0,0,-51
Gorgui Dieng,C,SAS,33,31,3,28,358.1,121,45,117,38.5,21,75,28,10,13,76.9,27,80,107,53,32,4,14,57,351,2,0,-152
Kenneth Lofton Jr.,F,MEM,20,24,15,9,176,120,49,93,52.7,6,17,35.3,16,27,59.3,19,32,51,20,12,5,2,28,220,1,0,-48
Orlando Robinson,C,MIA,22,31,18,13,425.1,116,47,89,52.8,0,6,0,22,31,71,48,78,126,25,16,12,12,53,361,0,0,27
Kira Lewis Jr.,PG,NOP,22,25,11,14,234.8,114,40,88,45.5,15,34,44.1,19,22,86.4,5,28,33,23,10,10,2,24,214,0,0,62
McKinley Wright IV,PG,DAL,24,27,14,13,335,114,46,98,46.9,9,28,32.1,13,19,68.4,9,38,47,58,19,8,5,24,277,0,0,-110
Robin Lopez,C,CLE,35,37,25,12,298.5,112,48,75,64,2,4,50,14,18,77.8,23,28,51,19,25,2,8,43,207,0,0,-58
Dominick Barlow,F,SAS,19,28,5,23,407.6,110,46,86,53.5,0,4,0,18,25,72,46,56,102,24,15,10,19,56,340,2,0,-108
Ish Smith,PG,DEN,34,43,25,18,397.9,108,52,131,39.7,2,12,16.7,2,4,50,5,49,54,100,44,8,7,33,324,0,0,-36
Jake LaRavia,F,MEM,21,35,22,13,414.3,105,37,95,38.9,24,71,33.8,7,9,77.8,19,44,63,21,18,12,4,49,242,0,0,-78
Boban Marjanovic,C,HOU,34,31,7,24,171.1,102,41,60,68.3,0,1,0,20,27,74.1,20,40,60,9,14,5,2,10,195,0,0,66
Gary Payton II,SG,GSW,30,22,13,9,367.6,101,41,69,59.4,13,26,50,6,7,85.7,24,45,69,30,16,22,5,43,294,0,0,39
Kessler Edwards,SF,SAC,22,36,17,19,385.8,100,36,93,38.7,17,55,30.9,11,15,73.3,23,38,61,23,13,14,6,40,255,0,0,5
Cody Zeller,C,MIA,30,15,6,9,216.6,98,37,59,62.7,0,2,0,24,35,68.6,25,39,64,10,14,3,4,33,197,0,0,-48
Jamal Cain,F,MIA,24,18,10,8,240,98,37,66,56.1,7,20,35,17,22,77.3,15,37,52,12,6,11,1,21,208,0,0,22
Theo Pinson,G,DAL,27,40,19,21,323,95,31,87,35.6,22,62,35.5,11,13,84.6,10,53,63,46,12,6,1,34,249,1,1,-50
Skylar Mays,SG,POR,25,6,1,5,188.8,92,34,68,50,12,26,46.2,12,13,92.3,2,17,19,50,10,6,1,11,201,1,0,-74
Bryn Forbes,SG,MIN,29,25,9,16,267.7,89,30,83,36.1,14,46,30.4,15,15,100,4,11,15,17,12,7,2,22,148,0,0,-48
Davon Reed,SG,LAL,27,43,29,14,342.5,89,28,84,33.3,17,46,37,16,24,66.7,10,49,59,23,20,15,4,39,231,0,0,-99
Frank Kaminsky,PF,HOU,30,36,13,23,234.9,89,31,63,49.2,13,33,39.4,14,16,87.5,7,45,52,32,9,6,4,22,220,0,0,-4
Terry Taylor,F,CHI,23,31,13,18,263.4,89,39,75,52,5,19,26.3,6,11,54.5,27,20,47,10,9,3,6,26,178,0,0,18
Johnny Juzang,G,UTA,22,18,6,12,232.3,87,35,104,33.7,15,63,23.8,2,4,50,8,31,39,8,3,4,3,13,164,0,0,-87
Dalen Terry,F,CHI,20,38,19,19,213.9,85,32,72,44.4,7,27,25.9,14,21,66.7,12,25,37,22,8,11,5,24,202,0,0,12
David Duke Jr.,G,BKN,23,23,10,13,228,85,36,78,46.2,1,12,8.3,12,17,70.6,11,18,29,21,18,10,1,31,166,0,0,-35
Nikola Jovic,F,MIA,19,15,7,8,204.5,82,28,69,40.6,8,35,22.9,18,19,94.7,9,22,31,10,10,7,2,19,151,0,0,-16
Kennedy Chandler,G,MEM,20,36,22,14,281.5,78,35,83,42.2,2,15,13.3,6,13,46.2,9,29,38,58,18,12,5,15,244,0,0,-41
Peyton Watson,F,DEN,20,23,13,10,186.1,75,29,59,49.2,6,14,42.9,11,20,55,8,29,37,11,8,2,11,14,167,0,0,-47
Kemba Walker,PG,DAL,32,9,5,4,143.9,72,24,57,42.1,7,28,25,17,21,81,3,13,16,19,4,2,2,11,128,0,0,-1
Luka Samanic,F,UTA,23,7,2,5,160.8,69,26,57,45.6,8,31,25.8,9,13,69.2,0,30,30,15,10,6,2,17,142,0,0,-6
Serge Ibaka,F,MIL,33,16,11,5,185.4,66,26,54,48.1,6,18,33.3,8,13,61.5,15,29,44,4,11,2,7,23,141,0,0,-25
Danny Green,F,CLE,35,11,6,5,138.7,61,22,49,44.9,16,37,43.2,1,1,100,3,11,14,6,10,6,3,16,104,0,0,-17
Jeff Dowtin Jr.,PG,TOR,25,25,17,8,258.7,61,25,57,43.9,5,16,31.3,6,9,66.7,6,17,23,31,5,9,3,13,166,0,0,-9
Moussa Diabate,F,LAC,21,22,10,12,195.5,59,24,47,51.1,1,2,50,10,16,62.5,31,19,50,4,9,7,8,15,161,0,0,-22
Mamadi Diakite,F,CLE,26,22,15,7,175.9,57,24,50,48,7,21,33.3,2,2,100,8,22,30,8,12,4,9,26,132,0,0,-9
A.J. Lawson,G,DAL,22,15,5,10,108.3,56,22,44,50,10,25,40,2,8,25,6,15,21,2,3,2,0,11,87,0,0,-46
Quenton Jackson,G,WAS,24,9,3,6,134.6,56,19,42,45.2,1,12,8.3,17,22,77.3,2,6,8,15,4,4,1,10,99,0,0,-17
Jonathan Isaac,PF,ORL,25,11,8,3,124,55,22,53,41.5,6,15,40,5,9,55.6,15,29,44,6,4,14,4,5,167,0,0,-19
Jeenathan Williams,G,POR,24,5,1,4,126.6,53,24,39,61.5,3,8,37.5,2,3,66.7,10,5,15,10,4,3,2,13,97,0,0,-38
Trent Forrest,G,ATL,24,23,9,14,277,52,25,60,41.7,0,2,0,2,3,66.7,5,32,37,38,15,7,2,17,165,0,0,-58
James Johnson,PF,IND,36,18,7,11,162.4,51,22,49,44.9,3,15,20,4,8,50,4,26,30,15,8,7,6,32,141,0,0,-7
Jay Huff,C,WAS,25,7,2,5,94.9,51,15,25,60,6,12,50,15,16,93.8,6,15,21,10,5,3,4,15,107,0,0,-7
Thanasis Antetokounmpo,SF,MIL,30,37,25,12,206.2,51,20,46,43.5,0,8,0,11,22,50,15,29,44,15,12,3,3,22,132,0,0,-114
Garrett Temple,SF,NOP,36,25,16,9,161.8,50,18,45,40,11,26,42.3,3,4,75,5,12,17,13,4,9,2,15,119,0,0,-17
Lindell Wigginton,G,MIL,25,7,4,3,86.7,50,18,37,48.6,6,18,33.3,8,9,88.9,0,7,7,14,12,0,2,7,73,1,0,-39
Daniel Theis,C,IND,31,7,1,6,108.8,49,21,44,47.7,2,11,18.2,5,12,41.7,7,15,22,9,3,2,6,7,110,0,0,-19
Matthew Dellavedova,PG,SAC,32,32,19,13,212.8,47,17,50,34,9,27,33.3,4,7,57.1,1,12,13,41,10,7,0,20,135,0,0,-51
Josh Minott,F,MIN,20,15,7,8,96.2,46,18,36,50,2,6,33.3,8,8,100,5,20,25,5,3,4,6,10,111,1,0,24
KZ Okpala,SF,SAC,24,35,19,16,248,46,16,38,42.1,7,21,33.3,7,8,87.5,7,27,34,13,7,7,7,39,141,0,0,-11
Jared Rhoden,G,DET,23,14,2,12,197.9,45,17,44,38.6,5,20,25,6,6,100,11,26,37,4,3,4,1,23,107,0,0,21
John Butler Jr.,F,POR,20,19,4,15,221.1,45,17,53,32.1,8,35,22.9,3,4,75,3,14,17,11,1,7,9,22,129,0,0,-70
Dru Smith,G,BKN,25,15,7,8,158.4,44,18,45,40,5,19,26.3,3,3,100,2,22,24,22,3,10,4,23,145,0,0,-28
Jarrett Culver,G,ATL,24,10,5,5,136.9,44,17,43,39.5,1,12,8.3,9,13,69.2,10,28,38,6,7,6,2,14,116,0,0,-19
Otto Porter Jr.,SF,TOR,29,8,4,4,146.3,44,15,30,50,6,17,35.3,8,8,100,6,13,19,8,4,11,0,7,108,0,0,-21
Shaquille Harrison,G,LAL,29,5,1,4,119.9,44,15,36,41.7,3,10,30,11,15,73.3,1,21,22,30,6,11,2,12,148,1,0,-1
Alex Len,C,SAC,29,26,15,11,161.2,43,16,30,53.3,0,2,0,11,16,68.8,24,36,60,12,16,4,11,28,162,0,0,19
Khem Birch,C,SAS,30,20,9,11,161.8,43,19,32,59.4,1,2,50,4,5,80,8,17,25,7,8,5,5,24,106,0,0,6
Meyers Leonard,C,MIL,31,9,6,3,113.7,43,14,29,48.3,7,18,38.9,8,9,88.9,12,22,34,1,6,2,0,16,85,1,0,-27
Jaden Springer,G,PHI,20,16,13,3,89.3,42,17,35,48.6,2,5,40,6,8,75,6,8,14,8,3,7,3,15,98,0,0,-3
Wendell Moore Jr.,G,MIN,21,29,16,13,152.7,42,18,43,41.9,2,17,11.8,4,5,80,4,14,18,18,8,8,5,13,122,0,0,-53
Jason Preston,PG,LAC,23,14,4,10,123.8,41,18,41,43.9,5,18,27.8,0,2,0,2,20,22,27,10,2,0,7,104,0,0,-11
Omer Yurtseven,C,MIA,24,9,5,4,83.2,40,16,27,59.3,3,7,42.9,5,6,83.3,8,15,23,2,4,2,2,16,79,0,0,10
Xavier Cooks,G,WAS,27,10,2,8,125.8,38,17,28,60.7,0,1,0,4,10,40,16,22,38,6,8,6,4,13,115,1,0,19
Jared Butler,SG,OKC,22,6,3,3,76.5,37,15,32,46.9,7,14,50,0,0,0,1,3,4,8,5,5,0,5,64,0,0,-1
Olivier Sarr,C,OKC,24,9,5,4,113.6,36,15,30,50,1,8,12.5,5,7,71.4,12,19,31,4,4,1,5,17,93,1,0,14
Vit Krejci,G,ATL,22,29,15,14,165.4,36,15,37,40.5,5,21,23.8,1,2,50,6,20,26,17,5,5,1,17,106,0,0,-3
Cody Martin,SF,CHA,27,7,2,5,133.7,35,14,36,38.9,3,14,21.4,4,7,57.1,8,16,24,11,2,4,1,13,93,0,0,-26
Nerlens Noel,C,BKN,29,17,4,13,194.7,35,13,36,36.1,1,2,50,8,12,66.7,10,36,46,10,13,16,10,32,170,0,0,-75
Isaiah Mobley,F,CLE,23,12,8,4,84.2,31,12,28,42.9,3,8,37.5,4,4,100,4,16,20,3,1,4,3,8,80,0,0,31
Vince Williams Jr.,G,MEM,22,15,7,8,104.6,30,12,40,30,4,28,14.3,2,2,100,4,11,15,4,5,6,2,12,73,0,0,-34
Greg Brown III,PF,POR,21,16,10,6,93.1,28,11,28,39.3,1,7,14.3,5,12,41.7,2,17,19,3,6,4,5,13,76,0,0,-5
Jordan Hall,G,SAS,21,9,1,8,82.7,28,9,28,32.1,3,15,20,7,9,77.8,3,9,12,11,7,1,0,6,55,0,0,-24
Joshua Primo,SG,SAS,20,4,3,1,93.4,28,9,26,34.6,3,12,25,7,9,77.8,2,11,13,18,11,1,2,8,69,0,0,-2
Udonis Haslem,PF,MIA,42,7,4,3,72.1,27,10,29,34.5,3,9,33.3,4,5,80,4,7,11,0,1,1,2,11,48,0,0,-25
Ryan Arcidiacono,G,POR,29,20,9,11,172.4,26,9,37,24.3,8,23,34.8,0,0,0,0,15,15,23,7,5,0,17,87,0,0,-40
Mac McClung,SG,PHI,24,2,2,0,41.1,25,9,20,45,4,11,36.4,3,5,60,3,7,10,9,3,0,0,3,48,0,0,18
Noah Vonleh,PF,BOS,27,23,17,6,171.6,25,11,24,45.8,1,4,25,2,2,100,18,30,48,7,11,2,8,35,112,0,0,-13
Sam Merrill,SG,CLE,26,5,4,1,58.5,25,9,22,40.9,5,18,27.8,2,2,100,0,9,9,5,0,4,0,3,55,0,0,-5
Gabe York,G,IND,29,3,1,2,55.8,24,8,21,38.1,6,18,33.3,2,2,100,0,6,6,5,0,2,0,5,45,0,0,24
Keon Ellis,G,SAC,23,16,7,9,70.9,24,7,16,43.8,6,12,50,4,7,57.1,4,4,8,6,1,5,1,10,60,0,0,-21
Micah Potter,C,UTA,25,7,4,3,52.4,24,10,15,66.7,4,7,57.1,0,0,0,3,13,16,4,2,1,0,5,50,1,0,-3
Ryan Rollins,G,GSW,20,12,5,7,62.1,23,7,20,35,3,9,33.3,6,6,100,3,9,12,6,16,1,1,10,36,0,0,-47
Jarrell Brantley,PF,UTA,26,4,0,4,39,22,8,14,57.1,4,9,44.4,2,2,100,1,5,6,3,2,0,2,3,38,0,0,15
PJ Dozier,G,SAC,26,16,11,5,79.3,22,10,33,30.3,2,16,12.5,0,0,0,1,13,14,10,5,6,1,7,70,0,0,-23
Jack White,F,DEN,25,17,13,4,66,21,8,19,42.1,3,9,33.3,2,3,66.7,6,11,17,4,2,3,2,9,60,0,0,-17
Trevelin Queen,SG,IND,26,7,2,5,70,21,7,29,24.1,2,15,13.3,5,5,100,8,9,17,6,7,2,5,4,64,0,0,14
Tyrese Martin,G,ATL,24,16,10,6,65.5,21,9,23,39.1,1,7,14.3,2,2,100,5,7,12,2,2,1,0,2,39,0,0,1
Carlik Jones,G,CHI,25,7,4,3,56,20,6,15,40,3,6,50,5,8,62.5,1,4,5,6,2,2,0,2,39,0,0,26
Justin Jackson,SF,BOS,28,23,15,8,107.4,20,7,27,25.9,5,20,25,1,2,50,2,15,17,9,2,4,4,7,76,0,0,-71
Louis King,SF,PHI,24,1,1,0,28.8,20,8,13,61.5,4,8,50,0,1,0,2,2,4,2,2,1,0,4,29,0,0,2
Ron Harper Jr.,F,TOR,23,9,6,3,47.5,20,8,16,50,3,9,33.3,1,1,100,3,4,7,4,0,0,1,3,37,0,0,19
JD Davison,SG,BOS,20,12,11,1,65.7,19,8,19,42.1,2,7,28.6,1,2,50,2,7,9,11,4,2,2,5,54,0,0,-6
Tony Bradley,C,CHI,25,12,5,7,33.4,19,6,12,50,3,5,60,4,4,100,1,10,11,1,1,1,1,2,39,0,0,11
Andre Iguodala,F,GSW,39,8,3,5,112.6,17,7,15,46.7,1,9,11.1,2,3,66.7,3,14,17,19,9,4,3,11,78,0,0,35
Justin Minaya,F,POR,24,4,0,4,88.8,17,7,23,30.4,3,12,25,0,1,0,3,12,15,4,4,2,5,9,58,0,0,-20
Michael Carter-Williams,G,ORL,31,4,1,3,44.5,17,6,14,42.9,1,3,33.3,4,7,57.1,1,4,5,7,4,1,1,5,36,0,0,-26
Xavier Sneed,F,CHA,25,4,0,4,48.2,17,5,10,50,3,6,50,4,4,100,0,5,5,5,3,0,1,7,31,0,0,-28
Buddy Boeheim,F,DET,23,10,2,8,90.1,16,5,27,18.5,4,25,16,2,2,100,2,4,6,4,0,2,0,6,35,0,0,3
RaiQuan Gray,F,BKN,23,1,0,1,35.1,16,6,12,50,2,5,40,2,2,100,3,6,9,7,4,0,1,5,36,0,0,-14
Darius Days,F,HOU,23,4,0,4,25,15,5,12,41.7,3,10,30,2,2,100,1,5,6,1,0,0,1,2,27,0,0,1
Jamaree Bouyea,G,WAS,23,5,2,3,70.5,15,6,14,42.9,2,6,33.3,1,2,50,1,5,6,4,4,4,2,6,42,0,0,-17
Scotty Pippen Jr.,G,LAL,22,6,1,5,31.5,14,4,12,33.3,1,3,33.3,5,9,55.6,2,2,4,2,2,2,1,3,29,0,0,-1
Jay Scrubb,G,ORL,22,2,1,1,30.1,13,5,7,71.4,2,2,100,1,2,50,0,6,6,1,3,2,0,2,25,0,0,-16
Neemias Queta,C,SAC,23,5,1,4,28.7,12,6,9,66.7,0,0,0,0,2,0,5,6,11,1,1,0,2,7,32,0,0,-30
Justin Champagnie,SF,BOS,21,5,4,1,34.3,11,5,15,33.3,1,5,20,0,0,0,3,5,8,4,0,1,0,2,30,0,0,-4
Facundo Campazzo,G,DAL,32,8,2,6,52.2,10,3,13,23.1,3,11,27.3,1,2,50,0,2,2,9,3,6,0,3,41,0,0,11
Lester Quinones,G,GSW,22,4,4,0,18.1,10,2,5,40,2,4,50,4,6,66.7,1,2,3,2,5,1,0,0,15,0,0,6
Cole Swider,F,LAL,23,7,2,5,41.1,9,3,9,33.3,3,8,37.5,0,0,0,1,6,7,4,0,0,0,3,23,0,0,3
Isaiah Todd,PF,WAS,21,6,2,4,61.4,9,3,19,15.8,1,10,10,2,2,100,2,10,12,4,2,1,0,4,30,0,0,-7
Joe Wieskamp,SF,TOR,23,9,6,3,49.7,9,3,14,21.4,3,12,25,0,0,0,0,4,4,3,1,0,0,3,17,0,0,2
Kendall Brown,SG,IND,19,6,1,5,40.3,9,4,7,57.1,0,1,0,1,2,50,2,4,6,3,2,4,0,9,31,0,0,4
Trevor Hudgins,G,HOU,24,5,0,5,28.3,9,2,9,22.2,2,8,25,3,3,100,0,0,0,3,1,0,0,1,13,0,0,3
Tyler Dorsey,G,DAL,27,3,2,1,8.3,9,4,5,80,1,2,50,0,0,0,1,1,2,0,0,0,0,0,11,0,0,2
Alize Johnson,F,SAS,27,4,1,3,29.5,7,3,6,50,0,2,0,1,2,50,2,8,10,1,4,1,0,3,20,0,0,12
Chance Comanche,C,POR,27,1,0,1,20.8,7,3,5,60,0,0,0,1,4,25,2,1,3,0,0,0,1,0,14,0,0,-29
Xavier Moon,PG,LAC,28,4,2,2,19.6,7,3,9,33.3,1,3,33.3,0,0,0,0,3,3,5,1,0,0,2,17,0,0,3
Leandro Bolmaro,F,UTA,22,14,8,6,68.5,6,3,20,15,0,4,0,0,0,0,4,3,7,7,7,3,1,10,30,0,0,2
Marko Simonovic,C,CHI,23,7,3,4,19.6,6,2,7,28.6,1,4,25,1,2,50,1,1,2,0,0,0,0,5,8,0,0,15
Mfiondu Kabengele,C,BOS,25,4,3,1,36.4,6,2,7,28.6,0,3,0,2,2,100,5,5,10,0,1,2,0,3,23,0,0,-5
Vernon Carey Jr.,C,UTA,22,11,8,3,28.5,6,2,8,25,0,0,0,2,2,100,3,8,11,3,2,2,2,5,34,0,0,-10
Dylan Windler,SG,CLE,26,3,3,0,10.4,5,2,3,66.7,1,2,50,0,0,0,0,0,0,1,1,1,0,0,9,0,0,-1
Kobi Simmons,G,CHA,25,5,1,4,27.8,5,1,6,16.7,1,5,20,2,2,100,1,3,4,5,1,0,2,0,22,0,0,-19
Malcolm Hill,F,CHI,27,5,4,1,9.2,5,2,4,50,1,3,33.3,0,0,0,0,3,3,0,0,0,0,1,9,0,0,9
Braxton Key,G,DET,26,3,0,3,9.1,4,1,1,100,0,0,0,2,2,100,0,1,1,0,0,0,0,0,5,0,0,-3
Dereon Seabron,G,NOP,22,5,2,3,11.6,4,2,5,40,0,0,0,0,0,0,1,0,1,0,0,0,0,1,5,0,0,10
Donovan Williams,G,ATL,21,2,1,1,4.3,4,2,5,40,0,2,0,0,0,0,0,2,2,0,0,0,0,0,6,0,0,6
Devon Dotson,G,WAS,23,6,1,5,53.1,3,1,10,10,1,4,25,0,0,0,6,4,10,8,3,5,0,9,39,0,0,-3
Jacob Gilyard,G,MEM,24,1,0,1,40.8,3,1,3,33.3,1,3,33.3,0,0,0,0,4,4,7,2,3,0,3,25,0,0,-13
Jordan Schakel,F,WAS,24,2,0,2,6.2,3,1,2,50,1,1,100,0,0,0,0,0,0,1,0,1,0,1,8,0,0,6
Trevor Keels,G,NYK,19,3,3,0,8,3,1,4,25,1,4,25,0,0,0,0,2,2,0,0,0,0,0,5,0,0,-18
Chima Moneke,F,SAC,27,2,1,1,7.9,2,1,2,50,0,0,0,0,2,0,2,0,2,1,2,0,0,2,4,0,0,-9
Chris Silva,F,DAL,26,1,1,0,3,2,1,1,100,0,0,0,0,0,0,0,0,0,0,1,0,0,2,1,0,0,1
Stanley Umude,G,DET,24,1,0,1,2.1,2,0,1,0,0,1,0,2,2,100,0,0,0,0,0,1,1,0,8,0,0,3
Alondes Williams,N/A,BKN,23,1,1,0,5.3,0,0,0,0,0,0,0,0,0,0,0,1,1,0,2,0,0,1,-1,0,0,-5
Deonte Burton,N/A,SAC,29,2,1,1,6.5,0,0,2,0,0,1,0,0,0,0,0,0,0,0,0,0,0,0,0,0,0,5
Frank Jackson,N/A,UTA,24,1,0,1,5,0,0,3,0,0,1,0,0,0,0,1,1,2,1,0,0,0,0,4,0,0,-2
Michael Foster Jr.,N/A,PHI,20,1,1,0,1,0,0,0,0,0,0,0,0,0,0,0,0,0,0,0,0,0,0,0,0,0,-2
Sterling Brown,N/A,LAL,28,4,2,2,24.4,0,0,4,0,0,2,0,0,0,0,3,5,8,2,0,3,0,4,22,0,0,-4
